Username,LastPostDate
0neluffy,2026-03-04
24am.meme,2026-03-01
arise_350,2025-12-22
arisesolo.app,2026-03-01
bestsmusicz,2026-02-17
blueai2,2026-02-18
bluelock.global,2026-03-04
quotevib,Error/Unknown
cashclymb,2026-03-04
cuteclips.mp4,2026-03-05
dirtyreels.hub,2026-03-05
familyguys.mp4,2026-03-04
forexjournal.app,2026-01-10
holy.fyp,2026-03-04
jinwoo.system,2026-02-21
lostzorotaro,2026-03-04
memeflow.app,2026-03-05
retro.onepiece,2026-03-05
s.t.o.i.c.z,2026-02-18
69templates,Error/Unknown
sololeveling.gym,2025-05-20
sololeveling.news,2026-03-05
sololeveling.quests,2025-12-06
sololeveling.us,2026-02-26
sololeveling.workout,2026-02-28
soultangle,2026-03-04
stoic.zoro,2026-03-05
stoicjinwoo,2026-03-05
trade.fyp,2026-03-04
trade_350,2025-11-25
weinterarc,2026-03-04
xaudollar,2026-03-05
explainforu,2026-03-05
fypbade,2026-02-18
